Riddle,Answer,Hint
"I speak without a mouth and hear without ears. I have no body, but I come alive with the wind. What am I?",An echo,Think about a sound that repeats itself in nature
"The more you take, the more you leave behind. What am I?",Footsteps,Consider what you create as you walk along a beach
"I have cities, but no houses. I have mountains, but no trees. I have water, but no fish. What am I?",A map,"I represent the world, but I'm not the world itself"
"What has keys, but no locks; space, but no room; you can enter, but not go in?",A keyboard,It's something you use every day when typing on a computer
"I'm tall when I'm young, and I'm short when I'm old. What am I?",A candle,I change shape as I'm used
What has a head and a tail that are only made of gold?,A coin,You might find me in your pocket or purse
"I have branches, but no fruit, trunk or leaves. What am I?",A bank,Think about where money is stored
What is always in front of you but can't be seen?,The future,It's something that hasn't happened yet
I have a head and a tail that will never meet. Having too many of me is always a treat. What am I?,A coin,I jingle in your pocket
What gets wetter and wetter the more it dries?,A towel,It's used after bathing
"I'm light as a feather, yet the strongest person can't hold me for much longer than a minute. What am I?",Breath,It's essential for life
"I'm not alive, but I grow; I don't have lungs, but I need air; I don't have a mouth, but water kills me. What am I?",Fire,I provide warmth and light
"I have keys, but no locks. I have space, but no room. You can enter, but not go in. What am I?",A keyboard,You use me to type on a computer
"What comes once in a minute, twice in a moment, but never in a thousand years?",The letter M,Look at the spelling of the words in the riddle
"I am taken from a mine and shut up in a wooden case, from which I am never released, and yet I am used by everyone. What am I?",A pencil lead,You write with me
What has a neck but no head?,A bottle,Think about containers for liquids
"I am always hungry; I must always be fed. The finger I touch, will soon turn red. What am I?",Fire,I consume everything in my path
"What begins with T, ends with T, and has T in it?",A teapot,Think about something used for brewing a popular hot beverage
"What has many keys but no locks, space but no room, and you can enter but not go in?",A keyboard,It's used for typing on computers
"I have cities, but no houses. I have mountains, but no trees. I have water, but no fish. What am I?",A map,I show you the world without being the world
"I am not alive, but I grow; I don't have lungs, but I need air; I don't have a mouth, but water kills me. What am I?",Fire,I provide warmth and light
I have a head and a tail that will never meet. Having too many of me is always a treat. What am I?,A coin,You use me to buy things
What goes up but never comes down?,Age,"It only increases, never decreases"
"I am taken from a mine and shut up in a wooden case, from which I am never released, and yet I am used by everyone. What am I?",Pencil lead,You write with me
"I have keys, but no locks. I have space, but no room. You can enter, but not go in. What am I?",A keyboard,You type on me
"What comes once in a minute, twice in a moment, but never in a thousand years?",The letter M,Look at the spelling of the words
"I am always hungry; I must always be fed. The finger I touch, will soon turn red. What am I?",Fire,I consume everything in my path
What has a neck but no head?,A bottle,Think about containers for liquids
"I am not alive, but I grow; I don't have lungs, but I need air; I don't have a mouth, but water kills me. What am I?",Fire,I provide warmth and light
"What begins with T, ends with T, and has T in it?",A teapot,Think about something used for brewing a popular hot beverage
"I have cities, but no houses. I have mountains, but no trees. I have water, but no fish. What am I?",A map,I show you the world without being the world
What goes up but never comes down?,Age,"It only increases, never decreases"
"I speak without a mouth and hear without ears. I have no body, but I come alive with the wind. What am I?",An echo,Think about a sound that repeats itself in nature
"The more you take, the more you leave behind. What am I?",Footsteps,Consider what you create as you walk along a beach
"I'm tall when I'm young, and I'm short when I'm old. What am I?",A candle,I change shape as I'm used
What has a head and a tail that are only made of gold?,A coin,You might find me in your pocket or purse
"I have branches, but no fruit, trunk or leaves. What am I?",A bank,Think about where money is stored
What is always in front of you but can't be seen?,The future,It's something that hasn't happened yet
What gets wetter and wetter the more it dries?,A towel,It's used after bathing
"I'm light as a feather, yet the strongest person can't hold me for much longer than a minute. What am I?",Breath,It's essential for life
"What has legs, but doesn't walk?",A table,It's a piece of furniture
"I'm full of holes, but I still hold water. What am I?",A sponge,I'm used for cleaning
"What has keys, but no locks; space, but no room; you can enter, but not go in?",A keyboard,It's something you use every day when typing on a computer
I have a head and a tail that will never meet. Having too many of me is always a treat. What am I?,A coin,I jingle in your pocket
"What has many teeth, but can't bite?",A comb,It's used to style hair
"I am taken from a mine and shut up in a wooden case, from which I am never released, and yet I am used by everyone. What am I?",A pencil lead,You write with me
What has a neck but no head?,A bottle,Think about containers for liquids
"I am always hungry; I must always be fed. The finger I touch, will soon turn red. What am I?",Fire,I consume everything in my path
"What begins with T, ends with T, and has T in it?",A teapot,Think about something used for brewing a popular hot beverage
"I have cities, but no houses. I have mountains, but no trees. I have water, but no fish. What am I?",A map,I show you the world without being the world
What goes up but never comes down?,Age,"It only increases, never decreases"
"I speak without a mouth and hear without ears. I have no body, but I come alive with the wind. What am I?",An echo,Think about a sound that repeats itself in nature
"The more you take, the more you leave behind. What am I?",Footsteps,Consider what you create as you walk along a beach
"I'm tall when I'm young, and I'm short when I'm old. What am I?",A candle,I change shape as I'm used
What has a head and a tail that are only made of gold?,A coin,You might find me in your pocket or purse
"I have branches, but no fruit, trunk or leaves. What am I?",A bank,Think about where money is stored
What is always in front of you but can't be seen?,The future,It's something that hasn't happened yet
What gets wetter and wetter the more it dries?,A towel,It's used after bathing
"I'm light as a feather, yet the strongest person can't hold me for much longer than a minute. What am I?",Breath,It's essential for life
"What has legs, but doesn't walk?",A table,It's a piece of furniture
"I'm full of holes, but I still hold water. What am I?",A sponge,I'm used for cleaning
"What has keys, but no locks; space, but no room; you can enter, but not go in?",A keyboard,It's something you use every day when typing on a computer
I have a head and a tail that will never meet. Having too many of me is always a treat. What am I?,A coin,I jingle in your pocket
"What has many teeth, but can't bite?",A comb,It's used to style hair
"I am not alive, but I grow; I don't have lungs, but I need air; I don't have a mouth, but water kills me. What am I?",Fire,I provide warmth and light
"I have keys, but no locks. I have space, but no room. You can enter, but not go in. What am I?",A keyboard,You use me to type on a computer
"What comes once in a minute, twice in a moment, but never in a thousand years?",The letter M,Look at the spelling of the words in the riddle
What can you catch but not throw?,A cold,It's an illness
"I have cities, but no houses. I have mountains, but no trees. I have water, but no fish. What am I?",A map,"I represent the world, but I'm not the world itself"
What has a face and two hands but no arms or legs?,A clock,It tells you the time
What gets broken without being held?,A promise,It's an intangible thing
I'm always hungry; I must always be fed. The finger I touch will soon turn red. What am I?,Fire,I consume everything in my path
What has many keys but opens no locks?,A piano,It's a musical instrument
What has a thumb and four fingers but is not alive?,A glove,It's worn on your hand
What goes up and down but never moves?,Stairs,They're part of a building
I have a head and a tail that will never meet. Having too many of me is always a treat. What am I?,A coin,I'm used as currency
What has legs but doesn't walk?,A table,It's a piece of furniture
"I am taken from a mine and shut up in a wooden case, from which I am never released, and yet I am used by everyone. What am I?",Pencil lead,You write with me
What has a neck but no head?,A bottle,It's used to hold liquids
"I am always hungry; I must always be fed. The finger I touch, will soon turn red. What am I?",Fire,I provide warmth and light
"What begins with T, ends with T, and has T in it?",A teapot,It's used to brew a popular hot beverage
"I have cities, but no houses. I have mountains, but no trees. I have water, but no fish. What am I?",A map,I show you where things are located
What goes up but never comes down?,Age,It only increases over time
"I speak without a mouth and hear without ears. I have no body, but I come alive with the wind. What am I?",An echo,I'm a repetition of sound
"The more you take, the more you leave behind. What am I?",Footsteps,You create these as you walk
"I'm tall when I'm young, and I'm short when I'm old. What am I?",A candle,I melt as I'm used
What has a head and a tail that are only made of gold?,A coin,I'm used as currency
"I have branches, but no fruit, trunk or leaves. What am I?",A bank,I deal with money
What is always in front of you but can't be seen?,The future,It hasn't happened yet
What gets wetter and wetter the more it dries?,A towel,It's used after bathing
"I'm light as a feather, yet the strongest person can't hold me for much longer than a minute. What am I?",Breath,It's necessary for life
"What has legs, but doesn't walk?",A table,It's a piece of furniture
"I'm full of holes, but I still hold water. What am I?",A sponge,It's used for cleaning
"What has keys, but no locks; space, but no room; you can enter, but not go in?",A keyboard,It's used for typing
I have a head and a tail that will never meet. Having too many of me is always a treat. What am I?,A coin,I'm used as currency
"What has many teeth, but can't bite?",A comb,It's used for hair
What runs around the whole yard without moving?,A fence,It surrounds but doesn't move
"I have keys but no locks, I have space but no room. You can enter, but can't go outside. What am I?",A keyboard,You use me to type
"What has a head, a tail, is brown, and has no legs?",A penny,It's a type of coin
What invention lets you look right through a wall?,A window,It's made of glass
"I am taken from a mine and shut up in a wooden case, from which I am never released, and yet I am used by everyone. What am I?",Pencil lead,You write with me
What can travel around the world while staying in a corner?,A stamp,It's used on envelopes
"I have cities, but no houses. I have mountains, but no trees. I have water, but no fish. What am I?",A map,I show you the world on paper
"What has many keys, but no locks; space, but no room; you can enter, but not go in?",A keyboard,You type on it
I'm always hungry; I must always be fed. The finger I touch will soon turn red. What am I?,Fire,I provide warmth and light
What gets wetter and wetter the more it dries?,A towel,You use it after bathing
What goes up but never comes down?,Your age,It only increases
"I speak without a mouth and hear without ears. I have no body, but I come alive with the wind. What am I?",An echo,I repeat what you say
"The more you take, the more you leave behind. What am I?",Footsteps,You make these as you walk
"I have branches, but no fruit, trunk or leaves. What am I?",A bank,I store your money
What has a head and a tail that are only made of gold?,A coin,You use me to buy things
What can you catch but not throw?,A cold,It's an illness
"I have keys, but no locks. I have space, but no room. You can enter, but not go in. What am I?",A keyboard,You use it to type
"What has legs, but doesn't walk?",A table,It's a piece of furniture
"I'm full of holes, but I still hold water. What am I?",A sponge,You use me for cleaning
"What has many teeth, but can't bite?",A comb,You use it on your hair
I have a head and a tail that will never meet. Having too many of me is always a treat. What am I?,A coin,I jingle in your pocket
What has a neck but no head?,A bottle,You drink from me
"What can you break, even if you never pick it up or touch it?",A promise,It's an intangible thing
What goes up and down but doesn't move?,Stairs,They're in buildings
"What has keys that open no locks, space but no room, and you can enter but not go in?",A keyboard,You type on it
What gets bigger when you take away from it?,A hole,Removing material makes it larger
"What starts with the letter ""t"", is filled with ""t"" and ends in ""t""?",A teapot,It's used to brew tea
What has a thumb and four fingers but is not alive?,A glove,You wear it on your hand
What building has the most stories?,A library,Think about books
What has a face and two hands but no arms or legs?,A clock,It tells you the time
"What has roots as nobody sees, is taller than trees, up, up it goes, and yet never grows?",A mountain,It's a natural formation
"What has keys but no locks, space but no room, and you can enter but can't exit?",A keyboard,You use it to type on a computer
What gets wetter as it dries?,A towel,It's used after bathing
I'm tall when I'm young and short when I'm old. What am I?,A candle,I melt over time
What has a neck but no head?,A bottle,You drink from it
What can travel all around the world without leaving its corner?,A stamp,It's used on envelopes
What has teeth but can't eat?,A comb,It's used for hair
What has a face and two hands but no arms or legs?,A clock,It tells time
What can you catch but not throw?,A cold,It's an illness
What has many needles but doesn't sew?,A pine tree,It's an evergreen
What has legs but can't walk?,A table,It's a piece of furniture
What can you break even if you never pick it up or touch it?,A promise,It's an intangible commitment
What goes up but never comes down?,Age,It only increases
What gets broken without being held?,A promise,It's a verbal commitment
What runs around the whole yard without moving?,A fence,It surrounds an area
What can you keep after giving it to someone?,Your word,It's a verbal promise
What has many keys but can't open a single lock?,A piano,It's a musical instrument
What has a head and a tail but no body?,A coin,It's used as currency
What's full of holes but still holds water?,A sponge,It's used for cleaning
What's always coming but never arrives?,Tomorrow,It's always in the future
"What goes through cities and fields, but never moves?",A road,It's a path for travel
What has a thumb and four fingers but is not alive?,A glove,You wear it on your hand
What building has the most stories?,A library,Think about books
What tastes better than it smells?,A tongue,It's in your mouth
"What starts with 'e', ends with 'e', and contains one letter?",An envelope,It carries mail
What has 13 hearts but no other organs?,A deck of cards,It's used for games
What gets bigger when you take away from it?,A hole,Removing material enlarges it
"What has branches but no fruit, trunk or leaves?",A bank,It deals with money
"What runs but never walks, has a mouth but never talks, has a head but never weeps, has a bed but never sleeps?",A river,It's a natural water flow
What can fill a room but takes up no space?,Light,It illuminates
What has legs but doesn't walk?,A chair,It's for sitting
What can you catch but not throw?,A cold,It's an illness
"What has keys that open no locks, space but no room, and you can enter but not go in?",A keyboard,You type on it
What gets sharper the more you use it?,Your brain,It's your thinking organ
"What has a mouth but doesn't eat, has a bank but no money?",A river,It's a natural water flow
"What has cities but no houses, forests but no trees, and rivers but no water?",A map,It represents geography
What has words but never speaks?,A book,It's full of written content
What runs around a house but doesn't move?,A fence,It surrounds property
What can travel around the world while staying in a corner?,A stamp,It's used on mail
"What has keys but no locks, space but no room, you can enter but not go in?",A keyboard,It's used for typing
What has a head and a tail that are only made of gold?,A coin,It's used as currency
What gets wetter and wetter the more it dries?,A towel,It's used after bathing
What goes up and down but doesn't move?,Stairs,They're in buildings
What has hundreds of ears but can't hear a thing?,A cornfield,It's full of corn
What has four eyes but can't see?,Mississippi,It's a word with repeated letters
What is always on its way but never arrives?,Tomorrow,It's always in the future
"What can be cracked, made, told, and played?",A joke,It's meant to be funny
What has teeth but doesn't bite?,A comb,It's used for hair
"What runs but never walks, has a mouth but never talks, has a head but never weeps, has a bed but never sleeps?",A river,It's a natural water flow
"What can you hold in your right hand, but not in your left?",Your left hand,It's a part of your body
What has legs but doesn't walk?,A table,It's a piece of furniture
What can you catch but not throw?,A cold,It's an illness
What has many teeth but can't bite?,A comb,It's used for hair
"What has keys but no locks, space but no room, you can enter but can't go in?",A keyboard,It's used for typing
What gets wetter as it dries?,A towel,It's used after bathing
What has a face and two hands but no arms or legs?,A clock,It tells time
What can travel all around the world without leaving its corner?,A stamp,It's used on envelopes
What has a neck but no head?,A bottle,You drink from it
"What can be cracked, made, told, and played?",A joke,It's meant to be funny
What goes up but never comes down?,Age,It only increases
What gets broken without being held?,A promise,It's a verbal commitment
What runs around the whole yard without moving?,A fence,It surrounds an area
What can you keep after giving it to someone?,Your word,It's a verbal promise
What has many keys but can't open a single lock?,A piano,It's a musical instrument
What has a head and a tail but no body?,A coin,It's used as currency
What's full of holes but still holds water?,A sponge,It's used for cleaning
What's always coming but never arrives?,Tomorrow,It's always in the future
"What goes through cities and fields, but never moves?",A road,It's a path for travel
What has a thumb and four fingers but is not alive?,A glove,You wear it on your hand
What building has the most stories?,A library,Think about books
What tastes better than it smells?,A tongue,It's in your mouth
"What starts with 'e', ends with 'e', and contains one letter?",An envelope,It carries mail
What has 13 hearts but no other organs?,A deck of cards,It's used for games
What gets bigger when you take away from it?,A hole,Removing material enlarges it
"What has branches but no fruit, trunk or leaves?",A bank,It deals with money
"What runs but never walks, has a mouth but never talks, has a head but never weeps, has a bed but never sleeps?",A river,It's a natural water flow
What can fill a room but takes up no space?,Light,It illuminates
What has legs but doesn't walk?,A chair,It's for sitting
What can you catch but not throw?,A cold,It's an illness
"What has keys that open no locks, space but no room, and you can enter but not go in?",A keyboard,You type on it
What gets sharper the more you use it?,Your brain,It's your thinking organ
"What has a mouth but doesn't eat, has a bank but no money?",A river,It's a natural water flow
"What has cities but no houses, forests but no trees, and rivers but no water?",A map,It represents geography
What has words but never speaks?,A book,It's full of written content
What runs around a house but doesn't move?,A fence,It surrounds property
What can travel around the world while staying in a corner?,A stamp,It's used on mail
"What has keys but no locks, space but no room, you can enter but not go in?",A keyboard,It's used for typing
What has a head and a tail that are only made of gold?,A coin,It's used as currency
What gets wetter and wetter the more it dries?,A towel,It's used after bathing
What goes up and down but doesn't move?,Stairs,They're in buildings
What has hundreds of ears but can't hear a thing?,A cornfield,It's full of corn
What has four eyes but can't see?,Mississippi,It's a word with repeated letters
What is always on its way but never arrives?,Tomorrow,It's always in the future
"What can be cracked, made, told, and played?",A joke,It's meant to be funny
What has teeth but doesn't bite?,A comb,It's used for hair
"What runs but never walks, has a mouth but never talks, has a head but never weeps, has a bed but never sleeps?",A river,It's a natural water flow
"What can you hold in your right hand, but not in your left?",Your left hand,It's a part of your body
"What has roots that nobody sees, is taller than trees, up it goes, and yet never grows?",A mountain,It's a large natural formation
"What's black when you get it, red when you use it, and white when you're all through with it?",Charcoal,It's used for grilling
"I am not alive, but I grow; I don't have lungs, but I need air; I don't have a mouth, but water kills me. What am I?",Fire,It provides heat and light
"What belongs to you, but other people use it more than you?",Your name,It's how people address you
"I have cities, but no houses. I have mountains, but no trees. I have water, but no fish. What am I?",A map,It represents geographic features
"What occurs once in a minute, twice in a moment, and never in a thousand years?",The letter M,Look at the spelling of the words
"I am taken from a mine and shut up in a wooden case, from which I am never released, and yet I am used by everyone. What am I?",Pencil lead,It's used for writing
"What has a head, a tail that is not a tail, but never any legs?",A coin,It's used as currency
"The more you take, the more you leave behind. What am I?",Footsteps,You make these as you walk
I am always hungry; I must always be fed. The finger I touch will soon turn red. What am I?,Fire,It consumes fuel to keep burning
What kind of room has no doors or windows?,A mushroom,It's a type of fungus
What's made of water but if you put it into water it will die?,An ice cube,It's frozen water
"I am light as a feather, but even the strongest man can't hold me for more than a few minutes. What am I?",Breath,It's essential for life
"What starts with ""e"" and ends with ""e"" but only has one letter in it?",An envelope,It's used to mail letters
"I have no life, but I grow; I don't have lungs, but I need air; I don't have a mouth, but water kills me. What am I?",Fire,It provides warmth and light
What has one eye but cannot see?,A needle,It's used for sewing
I am always hungry; I must always be fed. The finger I touch will soon turn red. What am I?,Fire,It consumes fuel to keep burning
What goes through towns and over hills but never moves?,A road,It's a path for travel
"I am taken from a mine and shut up in a wooden case, from which I am never released, and yet I am used by everyone. What am I?",Pencil lead,It's used for writing
"What has keys that open no locks, space but no room, and you can enter but not go in?",A keyboard,It's used for typing
What can fill a room but takes up no space?,Light,It illuminates without occupying space
"I speak without a mouth and hear without ears. I have no body, but I come alive with wind. What am I?",An echo,It's a reflection of sound
What has many keys but can't open a single lock?,A piano,It's a musical instrument
What gets wet while drying?,A towel,It's used after bathing
What can you catch but not throw?,A cold,It's an illness
I have a head and a tail that will never meet. Having too many of me is always a treat. What am I?,A coin,It's used as currency
What has a thumb and four fingers but is not alive?,A glove,It's worn on the hand
What has legs but doesn't walk?,A table,It's a piece of furniture
I am always hungry; I must always be fed. The finger I touch will soon turn red. What am I?,Fire,It consumes fuel to keep burning
What goes up and down but doesn't move?,Stairs,They're found in buildings
What has many teeth but can't bite?,A comb,It's used for hair
"I have cities, but no houses. I have mountains, but no trees. I have water, but no fish. What am I?",A map,It represents geographic features
What has a face and two hands but no arms or legs?,A clock,It tells time
What gets broken without being held?,A promise,It's an intangible commitment
"What has keys that open no locks, space but no room, and you can enter but not go in?",A keyboard,It's used for typing
"What comes once in a minute, twice in a moment, but never in a thousand years?",The letter M,Look at the spelling of the words
"I am not alive, but I grow; I don't have lungs, but I need air; I don't have a mouth, but water kills me. What am I?",Fire,It provides heat and light
What can travel around the world while staying in a corner?,A stamp,It's used on envelopes
What has a head and a tail that are only made of gold?,A coin,It's used as currency
"I speak without a mouth and hear without ears. I have no body, but I come alive with wind. What am I?",An echo,It's a reflection of sound
"What can you break, even if you never pick it up or touch it?",A promise,It's an intangible commitment
"What has many keys, but no locks; space, but no room; you can enter, but not go in?",A keyboard,It's used for typing
What gets wetter and wetter the more it dries?,A towel,It's used after bathing
What goes up but never comes down?,Your age,It only increases over time
"I have branches, but no fruit, trunk or leaves. What am I?",A bank,It deals with money
What can you catch but not throw?,A cold,It's an illness
"What has legs, but doesn't walk?",A table,It's a piece of furniture
"I'm full of holes, but I still hold water. What am I?",A sponge,It's used for cleaning
"What has many teeth, but can't bite?",A comb,It's used on hair
I have a head and a tail that will never meet. Having too many of me is always a treat. What am I?,A coin,It's used as currency
What has a neck but no head?,A bottle,It holds liquids
"What can you break, even if you never pick it up or touch it?",A promise,It's an intangible commitment
What goes up and down but doesn't move?,Stairs,They're found in buildings
"What has keys that open no locks, space but no room, and you can enter but not go in?",A keyboard,It's used for typing
What gets bigger when you take away from it?,A hole,Removing material makes it larger
"What starts with the letter ""t"", is filled with ""t"" and ends in ""t""?",A teapot,It's used to brew tea
What has a thumb and four fingers but is not alive?,A glove,It's worn on the hand
What building has the most stories?,A library,Think about books
What has a face and two hands but no arms or legs?,A clock,It tells time
"What has roots as nobody sees, is taller than trees, up, up it goes, and yet never grows?",A mountain,It's a natural formation
"I am not alive, but I grow; I don't have lungs, but I need air; I don't have a mouth, but water kills me. What am I?",Fire,It provides heat and light
"What belongs to you, but other people use it more than you?",Your name,It's how people address you
"I have cities, but no houses. I have mountains, but no trees. I have water, but no fish. What am I?",A map,It represents geographic features
"What occurs once in a minute, twice in a moment, and never in a thousand years?",The letter M,Look at the spelling of the words
"I am taken from a mine and shut up in a wooden case, from which I am never released, and yet I am used by everyone. What am I?",Pencil lead,It's used for writing
"What has a head, a tail that is not a tail, but never any legs?",A coin,It's used as currency
"The more you take, the more you leave behind. What am I?",Footsteps,You make these as you walk
I am always hungry; I must always be fed. The finger I touch will soon turn red. What am I?,Fire,It consumes fuel to keep burning
What kind of room has no doors or windows?,A mushroom,It's a type of fungus
What's made of water but if you put it into water it will die?,An ice cube,It's frozen water
"I am light as a feather, but even the strongest man can't hold me for more than a few minutes. What am I?",Breath,It's essential for life
"What starts with ""e"" and ends with ""e"" but only has one letter in it?",An envelope,It's used to mail letters
"I have no life, but I grow; I don't have lungs, but I need air; I don't have a mouth, but water kills me. What am I?",Fire,It provides warmth and light
What has one eye but cannot see?,A needle,It's used for sewing
I am always hungry; I must always be fed. The finger I touch will soon turn red. What am I?,Fire,It consumes fuel to keep burning
What goes through towns and over hills but never moves?,A road,It's a path for travel
"I am taken from a mine and shut up in a wooden case, from which I am never released, and yet I am used by everyone. What am I?",Pencil lead,It's used for writing
"What has keys that open no locks, space but no room, and you can enter but not go in?",A keyboard,It's used for typing
What can fill a room but takes up no space?,Light,It illuminates without occupying space
"I speak without a mouth and hear without ears. I have no body, but I come alive with wind. What am I?",An echo,It's a reflection of sound
What has many keys but can't open a single lock?,A piano,It's a musical instrument
What gets wet while drying?,A towel,It's used after bathing
What can you catch but not throw?,A cold,It's an illness
I have a head and a tail that will never meet. Having too many of me is always a treat. What am I?,A coin,It's used as currency
What has a thumb and four fingers but is not alive?,A glove,It's worn on the hand
What has legs but doesn't walk?,A table,It's a piece of furniture
I am always hungry; I must always be fed. The finger I touch will soon turn red. What am I?,Fire,It consumes fuel to keep burning
What goes up and down but doesn't move?,Stairs,They're found in buildings
What has many teeth but can't bite?,A comb,It's used for hair
"I have cities, but no houses. I have mountains, but no trees. I have water, but no fish. What am I?",A map,It represents geographic features
What has a face and two hands but no arms or legs?,A clock,It tells time
What gets broken without being held?,A promise,It's an intangible commitment
"What has keys that open no locks, space but no room, and you can enter but not go in?",A keyboard,It's used for typing
What invention lets you look right through a wall?,A window,It's made of transparent material
What can you hold without ever touching or using your hands?,Your breath,It's something you can control
"What can run but never walks, has a mouth but never talks, has a head but never weeps, has a bed but never sleeps?",A river,It's a natural water flow
What building has the most stories?,A library,"Think about books, not floors"
"What has cities, but no houses; forests, but no trees; rivers, but no water?",A map,It represents geographical features
What can travel around the world while staying in a corner?,A stamp,It's used on envelopes
"What has 13 hearts, but no other organs?",A deck of cards,It's used for games
What gets sharper the more you use it?,Your mind,It's your thinking organ
"What has keys, but no locks; space, but no room; you can enter, but can't exit?",A keyboard,You use it to type
"What can be cracked, made, told, and played?",A joke,It's meant to be funny
What has a neck but no head?,A bottle,You drink from it
"What can you catch, but not throw?",A cold,It's an illness
"What has many needles, but doesn't sew?",A pine tree,It's an evergreen
"What has legs, but doesn't walk?",A table,It's a piece of furniture
"What can you break, even if you never pick it up or touch it?",A promise,It's an intangible commitment
"What goes up, but never comes down?",Your age,It only increases
What gets broken without being held?,A promise,It's a verbal commitment
What runs around the whole yard without moving?,A fence,It surrounds an area
What can you keep after giving to someone?,Your word,It's a verbal promise
"What has many keys, but can't open a single lock?",A piano,It's a musical instrument
What has a head and a tail that will never meet?,A coin,It's used as currency
What's full of holes but still holds water?,A sponge,It's used for cleaning
What's always coming but never arrives?,Tomorrow,It's always in the future
"What goes through cities and fields, but never moves?",A road,It's a path for travel
What has a thumb and four fingers but is not alive?,A glove,You wear it on your hand
What tastes better than it smells?,A tongue,It's in your mouth
"What starts with 'e', ends with 'e', and contains one letter?",An envelope,It carries mail
What gets bigger when you take away from it?,A hole,Removing material enlarges it
What can fill a room but takes up no space?,Light,It illuminates
What has legs but doesn't walk?,A chair,It's for sitting
What can you catch but not throw?,A cold,It's an illness
What gets sharper the more you use it?,Your brain,It's your thinking organ
"What has a mouth but doesn't eat, has a bank but no money?",A river,It's a natural water flow
What has words but never speaks?,A book,It's full of written content
What runs around a house but doesn't move?,A fence,It surrounds property
What has hundreds of ears but can't hear a thing?,A cornfield,It's full of corn
What has four eyes but can't see?,Mississippi,It's a word with repeated letters
"What's black when you get it, red when you use it, and white when you're all through with it?",Charcoal,It's used for grilling
"What belongs to you, but other people use it more than you?",Your name,It's how people address you
What kind of room has no doors or windows?,A mushroom,It's a type of fungus
What's made of water but if you put it into water it will die?,An ice cube,It's frozen water
What has one eye but cannot see?,A needle,It's used for sewing
"What can you hold in your right hand, but not in your left?",Your left hand,It's a part of your body
What has a bottom at the top?,Your legs,They're part of your body
What inventions lets you look right through a wall?,A window,It's made of glass
What can you catch but not throw?,A cold,It's an illness
What has many teeth but can't bite?,A saw,It's used for cutting
What has a head and a tail but no body?,A coin,It's used as currency
What room do ghosts avoid?,The living room,It's a play on words
What has a face and two hands but no arms or legs?,A clock,It tells time
"What has keys but no locks, space but no room, and you can enter but can't go in?",A keyboard,It's used for typing
What gets wetter as it dries?,A towel,It's used after bathing
What has a neck but no head?,A bottle,You drink from it
"What can be cracked, made, told, and played?",A joke,It's meant to be funny
What goes up but never comes down?,Age,It only increases
What gets broken without being held?,A promise,It's a verbal commitment
What runs around the whole yard without moving?,A fence,It surrounds an area
What can you keep after giving it to someone?,Your word,It's a verbal promise
What has many keys but can't open a single lock?,A piano,It's a musical instrument
What has a head and a tail but no body?,A coin,It's used as currency
What's full of holes but still holds water?,A sponge,It's used for cleaning
What's always coming but never arrives?,Tomorrow,It's always in the future
"What goes through cities and fields, but never moves?",A road,It's a path for travel
What has a thumb and four fingers but is not alive?,A glove,You wear it on your hand
What building has the most stories?,A library,Think about books
What tastes better than it smells?,A tongue,It's in your mouth
"What starts with 'e', ends with 'e', and contains one letter?",An envelope,It carries mail
What has 13 hearts but no other organs?,A deck of cards,It's used for games
What gets bigger when you take away from it?,A hole,Removing material enlarges it
"What has branches but no fruit, trunk or leaves?",A bank,It deals with money
"What runs but never walks, has a mouth but never talks, has a head but never weeps, has a bed but never sleeps?",A river,It's a natural water flow
What can fill a room but takes up no space?,Light,It illuminates
What has legs but doesn't walk?,A chair,It's for sitting
What can you catch but not throw?,A cold,It's an illness
"What has keys that open no locks, space but no room, and you can enter but not go in?",A keyboard,You type on it
What gets sharper the more you use it?,Your brain,It's your thinking organ
"What has a mouth but doesn't eat, has a bank but no money?",A river,It's a natural water flow
"What has cities but no houses, forests but no trees, and rivers but no water?",A map,It represents geography
What has words but never speaks?,A book,It's full of written content
What runs around a house but doesn't move?,A fence,It surrounds property
What can travel around the world while staying in a corner?,A stamp,It's used on mail
What has hundreds of ears but can't hear a thing?,A cornfield,It's full of corn
What has four eyes but can't see?,Mississippi,It's a word with repeated letters
What is always on its way but never arrives?,Tomorrow,It's always in the future
"What can be cracked, made, told, and played?",A joke,It's meant to be funny
What has teeth but doesn't bite?,A comb,It's used for hair
"What can you hold in your right hand, but not in your left?",Your left hand,It's a part of your body
What has a bottom at the top?,Your legs,They're part of your body
What inventions lets you look right through a wall?,A window,It's made of glass
What can you catch but not throw?,A cold,It's an illness
What has many teeth but can't bite?,A saw,It's used for cutting
What has a head and a tail but no body?,A coin,It's used as currency
What room do ghosts avoid?,The living room,It's a play on words
"What has keys but no locks, space but no room, you can enter but not go in?",A keyboard,It's used for typing
What gets wetter as it dries?,A towel,It's used after bathing
What has a neck but no head?,A bottle,You drink from it
"What can be cracked, made, told, and played?",A joke,It's meant to be funny
What goes up but never comes down?,Age,It only increases
What gets broken without being held?,A promise,It's a verbal commitment
What runs around the whole yard without moving?,A fence,It surrounds an area
What can you keep after giving it to someone?,Your word,It's a verbal promise
What has many keys but can't open a single lock?,A piano,It's a musical instrument
What has a head and a tail but no body?,A coin,It's used as currency
What's full of holes but still holds water?,A sponge,It's used for cleaning
What's always coming but never arrives?,Tomorrow,It's always in the future
"What goes through cities and fields, but never moves?",A road,It's a path for travel
What has a thumb and four fingers but is not alive?,A glove,You wear it on your hand
What building has the most stories?,A library,Think about books
What tastes better than it smells?,A tongue,It's in your mouth
"What starts with 'e', ends with 'e', and contains one letter?",An envelope,It carries mail
What has 13 hearts but no other organs?,A deck of cards,It's used for games
What gets bigger when you take away from it?,A hole,Removing material enlarges it
"What has branches but no fruit, trunk or leaves?",A bank,It deals with money
"What runs but never walks, has a mouth but never talks, has a head but never weeps, has a bed but never sleeps?",A river,It's a natural water flow
What can fill a room but takes up no space?,Light,It illuminates
What has legs but doesn't walk?,A chair,It's for sitting
What can you catch but not throw?,A cold,It's an illness
"What has keys that open no locks, space but no room, and you can enter but not go in?",A keyboard,You type on it
What gets sharper the more you use it?,Your brain,It's your thinking organ
"What has a mouth but doesn't eat, has a bank but no money?",A river,It's a natural water flow
"What has cities but no houses, forests but no trees, and rivers but no water?",A map,It represents geography
What has words but never speaks?,A book,It's full of written content
What runs around a house but doesn't move?,A fence,It surrounds property
What can travel around the world while staying in a corner?,A stamp,It's used on mail
What has hundreds of ears but can't hear a thing?,A cornfield,It's full of corn
What has four eyes but can't see?,Mississippi,It's a word with repeated letters
What is always on its way but never arrives?,Tomorrow,It's always in the future
"What can be cracked, made, told, and played?",A joke,It's meant to be funny
What has teeth but doesn't bite?,A comb,It's used for hair
"What runs but never walks, has a mouth but never talks, has a head but never weeps, has a bed but never sleeps?",A river,It's a natural water flow
"What can you hold in your right hand, but not in your left?",Your left hand,It's a part of your body
What has a bottom at the top?,Your legs,They're part of your body
What inventions lets you look right through a wall?,A window,It's made of glass
What can you catch but not throw?,A cold,It's an illness
What has many teeth but can't bite?,A saw,It's used for cutting
What has a head and a tail but no body?,A coin,It's used as currency
What room do ghosts avoid?,The living room,It's a play on words
"What has keys but no locks, and space but no room?",A computer keyboard,You use this to type on your device
I'm tall when I'm young and short when I'm old. What am I?,A candle,I melt as I'm used
What has a head and a tail that are only made of gold?,A coin,You use me to buy things
What has words but never speaks?,A book,You read me to gain knowledge
What has a neck but no head?,A bottle,You drink from me
What can travel around the world while staying in a corner?,A stamp,I help your mail reach its destination
What has legs but doesn't walk?,A table,I hold your plates and cups
What can you catch but not throw?,A cold,It's an illness that makes you sneeze
What gets wetter and wetter the more it dries?,A towel,You use me after bathing
What has many teeth but can't bite?,A comb,I help you style your hair
What runs around the yard without moving?,A fence,I mark the boundary of your property
What can you break even if you never pick it up or touch it?,A promise,It's an intangible commitment
What has a face and two hands but no arms or legs?,A clock,I tell you the time
What can fill a room but takes up no space?,Light,I help you see in the dark
What gets bigger when you take away from it?,A hole,"The more you dig, the larger I become"
What can you hold without using your hands?,Your breath,It's something you do automatically
"What has cities but no houses, forests but no trees, and rivers but no water?",A map,I show you where places are located
"What can run but never walks, has a mouth but never talks, has a bed but never sleeps?",A river,I flow from mountains to the sea
What building has the most stories?,A library,I'm full of books with tales to tell
What can you serve but never eat?,A tennis ball,I'm used in a popular racket sport
What can fly without wings?,Time,"I keep moving forward, never backward"
What has a thumb and four fingers but is not alive?,A glove,I keep your hand warm
"What has roots that nobody sees, is taller than trees, up it goes, and yet never grows?",A mountain,I'm a large natural elevation
What can you hear but not touch or see?,Sound,I'm a vibration that travels through the air
What belongs to you but others use it more than you do?,Your name,People use it to address you
What has many keys but can't open a single lock?,A piano,I make music when you play me
"What starts with 'e', ends with 'e', but only contains one letter?",An envelope,I carry your mail
What has legs but can't walk?,A chair,You sit on me
What can travel all around the world without leaving its corner?,A stamp,I help letters reach their destination
What has a head and a tail but no body?,A coin,I'm used as currency
What can go up and down without moving?,Temperature,I measure how hot or cold it is
"What has branches but no leaves, bark, or fruit?",A bank,I keep your money safe
"What can be cracked, made, told, and played?",A joke,I make people laugh
"What has keys but no locks, space but no room, and you can enter but not go in?",A keyboard,You type on me
What gets sharper the more you use it?,Your mind,It's your thinking organ
What has a bottom at the top?,Your legs,They're attached to your lower body
What invention lets you look right through a wall?,A window,I'm made of transparent material
What can be caught but never thrown?,A cold,It's an illness that makes you sneeze
What has many needles but doesn't sew?,A pine tree,I'm an evergreen with pointy leaves
What has a bed but never sleeps?,A river,Water flows through me
What can run but never walks?,Your nose,It can be runny when you're sick
What can bark but has no bite?,A tree,My outer layer protects me
What has hands but cannot clap?,A clock,I show you the time
What can you hold without touching it?,A conversation,It's an exchange of words
"What has a head but never weeps, has a bed but never sleeps?",A river,I flow from a source to the sea
What can you break with just one word?,Silence,Speaking ends it immediately
"What has cities but no houses, forests but no trees, and lakes but no water?",A map,I show you where things are located
What can fly without wings and cry without eyes?,A cloud,I float in the sky and produce rain
What can run but has no legs?,A river,I flow from high ground to low ground
What can be rolled but is never a ball?,Your eyes,You do this when you're annoyed
What has a bank but no money?,A river,Water flows along my sides
What can go up and down stairs without moving?,A carpet,I cover the steps
What can speak every language but doesn't know a single word?,An echo,I repeat what you say
What has teeth but cannot eat?,A comb,I help you style your hair
What can you catch but not throw?,A cold,It's an illness that makes you feel unwell
What has keys but no locks?,A piano,I make music when you play me
What can travel around the world while staying in one corner?,A stamp,I help letters reach their destination
What has a head and a tail but no body?,A coin,I'm used as currency
What can be played but is not a sport or game?,A musical instrument,I produce melodious sounds
What goes up but never comes down?,Your age,It only increases over time
What can you keep after giving it to someone?,Your word,It's a verbal promise
What has eyes but cannot see?,A potato,I'm a vegetable with small indentations
What can you hold without using your hands?,Your breath,You do it automatically to stay alive
What has a neck but no head?,A bottle,You drink from me
What can be opened but never closed?,An egg,"Once cracked, it can't be undone"
What has legs but doesn't walk?,A table,I hold things for you
What can you serve but never eat?,A tennis ball,I'm used in a popular racket sport
What has a face and hands but no arms or legs?,A clock,I tell you the time
What can run but never walks?,Water,I flow from high to low places
What can fly without wings?,Time,It passes by constantly
What has keys but no locks?,A keyboard,You type on me
What can be read but never spoken?,Your thoughts,They exist only in your mind
What has a bed but never sleeps?,A river,Water flows through me
What can be caught but not thrown?,A cold,It's an illness that makes you sneeze
What has branches but no leaves?,A bank,I keep your money safe
"What can be cracked, made, told, and played?",A joke,I make people laugh
What has teeth but cannot bite?,A comb,I help you style your hair
What can go up and down without moving?,Stairs,You use me to move between floors
What has keys but opens no locks?,A piano,I make music when you play me
What can travel around the world while staying in one spot?,A stamp,I help letters reach their destination
What has a head and a tail that will never meet?,A coin,I'm used as currency
What can be thrown but never caught?,A party,It's a social gathering
What has hands but cannot clap?,A clock,I show you the time
What can be broken without being touched?,A promise,It's an intangible commitment
What has eyes but cannot see?,A needle,You thread me to sew
What can run but has no legs?,A nose,It can be runny when you're sick
What can fly without wings?,A flag,I wave in the wind
What has keys but no locks?,A computer keyboard,You type on me
What can be opened but never closed?,An egg,"Once cracked, it can't be undone"
"What has a face but no eyes, hands but no arms?",A clock,I tell you the time
What can be caught but never thrown?,Attention,It's a focus of your mind
What has roots but no leaves?,A family tree,It shows your ancestry
What can run but never walks?,Colors,They can run or bleed in fabric
What has a bed but never sleeps?,A garden,Plants grow in me
What can be read but never written?,Your palm,Some believe it holds your future
What has branches but no fruit?,A bank,I keep your money safe
What can be broken without being held?,A record,It's an achievement that can be surpassed
What has keys but no locks?,A map,I show you different locations
What can go up and down without moving?,Temperature,I measure how hot or cold it is
"What has a head but never weeps, has a bed but never sleeps?",A river,I flow from source to mouth
What can be played but is not a game?,Music,I'm a combination of sounds
What has teeth but cannot eat?,A saw,I'm used to cut things
What can fly without wings?,Rumors,They spread quickly
What has legs but doesn't walk?,A chair,You sit on me
What can be thrown but never caught?,A dice,You roll me in games
What has eyes but cannot see?,A storm,I'm a weather phenomenon
"What can be long or short, but is never wrong?",An opinion,It's a personal view
What has a neck but no head?,A bottle,You drink from me
What can be opened but never closed?,A secret,"Once revealed, it can't be hidden again"
What has hands but cannot clap?,A tree,I have branches instead
What can run but has no legs?,A computer program,I execute a series of instructions
What has keys but no locks?,A typewriter,I'm an old device for writing
What can be caught but not thrown?,A glimpse,It's a quick look or glance
What has branches but no leaves?,A library,I have different sections of books
What can be cracked but never broken?,A code,It's a system of symbols with hidden meaning
What has teeth but cannot bite?,A zipper,I fasten things together
What can go up and down without moving?,Stock prices,They fluctuate in the market
What has keys but opens no locks?,A piano,I make music when you play me
What can travel around the world while staying in one spot?,A globe,I'm a model of the Earth
What has a head and a tail that will never meet?,A snake,"I'm a long, legless reptile"
What can be thrown but never caught?,A shadow,It's cast by objects in light
What has hands but cannot clap?,A watch,I show you the time
What can be broken without being touched?,Silence,Speaking ends it immediately
What has eyes but cannot see?,A hurricane,I'm a powerful storm
What can run but has no legs?,A faucet,Water flows through me
What can fly without wings?,A kite,I soar in the sky when there's wind
What has keys but no locks?,A xylophone,I'm a musical instrument
What can be opened but never closed?,A can of worms,It's a metaphor for creating problems
"What has a face but no eyes, hands but no arms?",A mountain,I'm a large natural elevation
What can be caught but never thrown?,Sleep,It's a state of rest
What has roots but no leaves?,A tooth,It's in your mouth
What can run but never walks?,Colors,They can run or bleed in fabric
What has a bed but never sleeps?,A truck,I carry loads in my back
What can be read but never written?,The stars,They're visible in the night sky
What has branches but no fruit?,A family tree,It shows your lineage
What can be broken without being held?,News,It's information about recent events
What has keys but no locks?,A solution,It solves a problem
What can go up and down without moving?,The stock market,It fluctuates based on economic factors
"What has a head but never weeps, has a bed but never sleeps?",A nail,I'm pounded into wood
What can be played but is not a game?,A role,It's a part in a performance
What has teeth but cannot eat?,A gear,I'm part of a machine
What can fly without wings?,Your imagination,It can take you anywhere
What has legs but doesn't walk?,A piano,I make music when you play me
What can be thrown but never caught?,A tantrum,It's an outburst of anger
What has eyes but cannot see?,A needle,You thread me to sew
"What can be long or short, but is never wrong?",A question,It seeks information
What has a neck but no head?,A guitar,I'm a stringed instrument
What can be opened but never closed?,Pandora's box,It's a source of endless complications
What has hands but cannot clap?,A compass,I point to the cardinal directions
What can run but has no legs?,A thought,It moves through your mind
What has keys but no locks?,A Florida island,I'm part of a tropical archipelago
What can be caught but not thrown?,Your breath,You inhale and exhale it
What has branches but no leaves?,A coral reef,I'm an underwater ecosystem
What can be cracked but never broken?,A smile,It's an expression of happiness
What has teeth but cannot bite?,A fork,I help you eat your food
What can go up and down without moving?,Your mood,It can change throughout the day
What has keys but opens no locks?,A legend,I explain symbols on a map
What can travel around the world while staying in one spot?,The internet,It connects people globally
What has a head and a tail that will never meet?,A line,I extend infinitely in both directions
What can be thrown but never caught?,A voice,It carries sound through the air
What has hands but cannot clap?,A statue,I'm a sculptural representation
What can be broken without being touched?,A heart,It can be emotionally hurt
What has eyes but cannot see?,A potato,I'm a vegetable with small indentations
What can run but has no legs?,An appetite,It can increase when you're hungry
What can fly without wings?,A balloon,I float in the air when filled with gas
What has keys but no locks?,A treasure chest,I hold valuable items
What can be opened but never closed?,A flower,"Once it blooms, it doesn't close again"
"What has a face but no eyes, hands but no arms?",A building,I have a facade and clock hands
What can be caught but never thrown?,Fire,It spreads and consumes
What has roots but no leaves?,A problem,It has underlying causes
What can run but never walks?,A computer program,It executes a series of instructions
What has a bed but never sleeps?,A flower bed,Plants grow in me
What can be read but never written?,Body language,It's non-verbal communication
What has branches but no fruit?,A science,It has different fields of study
What can be broken without being held?,A fever,It's a high body temperature
What has keys but no locks?,A chart,I display organized information
What can go up and down without moving?,Volume,It's the loudness of sound
"What has a head but never weeps, has a bed but never sleeps?",A pin,I have a round top and a sharp point
What can be played but is not a game?,A trick,It's a clever or skillful act
What has teeth but cannot eat?,A rake,I'm used for gardening
What can fly without wings?,A lie,It spreads quickly
What has legs but doesn't walk?,A stool,You sit on me
What can be thrown but never caught?,Shade,It's cast by objects blocking light
What has eyes but cannot see?,A keyhole,You look through me
"What can be long or short, but is never wrong?",Time,It's a measure of duration
What has a neck but no head?,A vase,I hold flowers
What can be opened but never closed?,A parachute,"Once deployed, it can't be refolded in mid-air"
What has hands but cannot clap?,A ruler,I have markings to measure length
What can run but has no legs?,Electricity,It flows through wires
"The more you take, the more you leave behind. What am I?",Footsteps,Consider what you create as you move.
"Im light as a feather, yet the strongest man cant hold me for more than a few minutes. What am I?",Breath,Its something you need constantly.
What has many keys but cant open a single lock?,A piano,Think about something musical.
"What can run but never walks, has a mouth but never talks?",A river,It's a body of water.
What can fill a room but takes up no space?,Light,Something you turn on every day.
What gets wetter as it dries?,A towel,Think about something used after a shower.
"The more you take, the larger it becomes. What is it?",A hole,It grows the more you dig.
"What has a head, a tail, is brown, and has no legs?",A penny,Consider a small coin.
What has one eye but cannot see?,A needle,Its used in sewing.
What gets broken without being held?,A promise,Its something people give but can break easily.
"If you have me, you want to share me. If you share me, you dont have me. What am I?",A secret,Its something you whisper.
What has hands but cant clap?,A clock,Think about something that tells time.
What has a bottom at the top?,Your legs,Its part of your body.
What has to be broken before you can use it?,An egg,You crack it open to use it.
What comes down but never goes up?,Rain,It falls from the sky.
"What begins with T, ends with T, and has T in it?",A teapot,Its something you use to brew tea.
"The more you take away from it, the bigger it gets. What is it?",A hole,It increases the more you remove.
What word is spelled incorrectly in every dictionary?,Incorrectly,Its a tricky play on words.
What has an ear but cannot hear?,A corn,Think of something you harvest.
What has a face and two hands but no arms or legs?,A clock,It helps you keep time.
What is full of holes but still holds water?,A sponge,You use it to clean.
Im tall when Im young and short when Im old. What am I?,A candle,It burns down over time.
"What has cities, but no houses; forests, but no trees; and rivers, but no water?",A map,"It represents places, not the actual locations."
What goes up but never comes down?,Your age,It increases over time.
What is always in front of you but cant be seen?,The future,Its ahead of you but invisible.
What travels around the world but stays in one spot?,A stamp,You attach it to a letter.
What has a neck but no head?,A bottle,You drink from it.
What can you catch but not throw?,A cold,Its something that makes you sick.
What goes through cities and fields but never moves?,A road,You travel on it.
What has a ring but no finger?,A phone,You use it to call people.
What has teeth but cannot bite?,A comb,It helps you arrange your hair.
"The more you have, the less you see. What am I?",Darkness,It blocks out light.
"What can be cracked, made, told, and played?",A joke,Its something that makes you laugh.
What belongs to you but is used by everyone else?,Your name,Its something people call you by.
What has an end but no beginning?,A stick,Its something you find outdoors.
What has an eye but cannot see?,A needle,Its used for sewing.
What gets sharper the more you use it?,Your brain,You improve it by learning.
Whats black and white and read all over?,A newspaper,It delivers information.
What cant talk but will reply when spoken to?,An echo,It repeats your words back to you.
What has a heart but no other organs?,A deck of cards,You use it for games.
What is so fragile that saying its name breaks it?,Silence,Its the absence of sound.
What can you hold in your left hand but not in your right?,Your right hand,Its a part of your body.
"What comes once in a year, twice in a week, but never in a day?",The letter E,Its found in certain words.
Whats always coming but never arrives?,Tomorrow,Its always in the future.
What goes up when the rain comes down?,An umbrella,You use it to stay dry.
What has a bottom at the top?,Your legs,Its part of your body.
What has four fingers and a thumb but is not alive?,A glove,Its something you wear.
"What is lighter than a feather, yet the strongest person cant hold it for long?",Your breath,Its something you cant go without.
"What can run but never walks, has a bed but never sleeps?",A river,It flows constantly.
"What begins with P, ends with E, and has thousands of letters?",A post office,Its a place for sending mail.
What has a spine but no bones?,A book,Its something you read.
What room has no doors or windows?,A mushroom,Its a play on words.
What is cut on a table but is never eaten?,A deck of cards,Its used for games.
What has wheels and flies but is not an airplane?,A garbage truck,Its something you see in your neighborhood.
What has a thumb and four fingers but isnt alive?,A glove,Its something you wear.
What is seen in the middle of March and April but cant be seen at the beginning or end?,The letter R,Its part of the spelling.
What runs but never walks?,A river,It flows through landscapes.
What kind of coat is always wet when you put it on?,A coat of paint,You apply it to walls.
What can fly without wings?,Time,It passes quickly.
What comes down but never goes up?,Rain,It falls from the sky.
What kind of tree can you carry in your hand?,A palm tree,Its a play on words.
What gets wetter as it dries?,A towel,It absorbs water.
What has a neck but no head?,A bottle,You drink from it.
What can you hold in your right hand but never in your left hand?,Your left hand,Its part of your body.
What goes up and never comes down?,Your age,It increases with time.
What can travel around the world while staying in the same spot?,A stamp,Its stuck on a letter.
What can be as big as an elephant but weigh nothing?,A shadow,Its a silhouette cast by light.
What can fill a room but doesnt take up any space?,Light,Its everywhere but takes no room.
What goes up but never comes down?,Your age,It only increases.
What is made of wood but cant be sawed?,Sawdust,Its what remains after cutting wood.
What is always in front of you but cant be seen?,The future,Its ahead of you.
Whats full of holes but still holds water?,A sponge,Its used to clean things.
What has many teeth but cannot bite?,A comb,You use it to arrange your hair.
"What begins with T, ends with T, and has T in it?",A teapot,Its used to brew tea.
"What has a head but never weeps, has a bed but never sleeps?",A river,It flows constantly.
What gets sharper the more you use it?,Your brain,You improve it by learning.
What belongs to you but is used by others?,Your name,People call you by it.
What word is always spelled wrong in the dictionary?,Wrong,Its deliberately misspelled.
What gets bigger when more is taken away?,A hole,It grows the more you dig.
What can fill a room but takes up no space?,Light,It illuminates without taking up space.
What has to be broken before you can use it?,An egg,You crack it open.
What gets wetter as it dries?,A towel,It absorbs water after use.
What goes up but never comes down?,Your age,It only increases with time.
"What can you hold in your hand, but can never touch?",Your reflection,It appears but is intangible.
"I speak without a mouth and hear without ears. I have nobody, but I come alive with wind. What am I?",An echo,Its a sound that returns to you.
"The person who makes it, sells it. The person who buys it, never uses it. The person who uses it, never knows they are using it. What is it?",A coffin,Its used after death.
"I am always hungry, I must always be fed. The finger I touch will soon turn red. What am I?",Fire,It consumes everything in its path.
"The more you take, the more you leave behind. What am I?",Footsteps,You create them as you walk.
"I have keys but open no locks. I have space but no room. You can enter, but you cant go outside. What am I?",A keyboard,Its part of a computer.
"What can run but never walks, has a mouth but never talks, has a head but never weeps, has a bed but never sleeps?",A river,Its constantly in motion.
What is so fragile that speaking its name breaks it?,Silence,Its the absence of noise.
What comes down but never goes up?,Rain,It falls from the sky.
"I am taken from a mine and shut up in a wooden case, from which I am never released, and yet I am used by almost every person. What am I?",A pencil,Its used for writing.
What can travel around the world while staying in one corner?,A stamp,Its placed on a letter.
"The more you have, the less you see. What am I?",Darkness,It blocks your vision.
What has a heart that doesnt beat?,A deck of cards,Its used for playing games.
"I am tall when I am young, and I am short when I am old. What am I?",A candle,It burns down as time passes.
What can you catch but not throw?,A cold,Its something that spreads easily.
What is always in front of you but cant be seen?,The future,Its something you can only imagine.
"What comes once in a year, twice in a moment, but never in a day?",The letter M,It appears in certain words.
What has hands but cant clap?,A clock,It tells time but doesnt make sound.
"What has a head, a tail, is brown, and has no legs?",A penny,Its a form of currency.
"Im not alive, but I grow; I dont have lungs, but I need air. What am I?",Fire,It needs oxygen to burn.
What can be broken without being touched?,A promise,Its something you give but can betray.
What has an eye but cannot see?,A needle,Its used for stitching.
What has many needles but doesnt sew?,A Christmas tree,Its used for decoration during the holidays.
"What runs but never walks, has a bed but never sleeps, has a mouth but never talks?",A river,It flows continuously.
What gets bigger the more you take away?,A hole,It grows as you remove material.
"What is light as a feather, yet the strongest man cannot hold it for more than a minute?",Breath,Its essential to life.
What gets sharper the more you use it?,Your brain,It improves with learning.
What has a ring but no finger?,A telephone,It alerts you to a call.
"What begins with T, ends with T, and has T in it?",A teapot,It holds a hot drink.
"The more you take, the more you leave behind. What am I?",Footsteps,You leave them as you move.
What is full of holes but still holds water?,A sponge,Its used for cleaning.
What has keys but cant open locks?,A piano,It makes music but doesnt unlock doors.
What has a neck but no head?,A bottle,You drink from it.
"I have seas without water, coasts without sand, towns without people, mountains without land. What am I?",A map,It represents geographical features.
"What has four legs in the morning, two in the afternoon, and three in the evening?",A human,"It describes the stages of life: crawling, walking, using a cane."
What has many teeth but cannot bite?,A comb,Its used to arrange hair.
What has words but never speaks?,A book,Its full of text but silent.
"I have cities, but no houses. I have mountains, but no trees. I have water, but no fish. What am I?",A map,It shows locations but not reality.
What can fill a room but takes up no space?,Light,It illuminates everything without taking up physical space.
What goes up but never comes down?,Your age,It increases over time.
I speak without a mouth and hear without ears. What am I?,An echo,Its a sound that returns to you.
"The more you take away, the more I become. What am I?",A hole,It grows as you remove material.
What can you hold in your right hand but not in your left hand?,Your left hand,Its part of your body.
What is always coming but never arrives?,Tomorrow,Its always in the future.
What gets wetter as it dries?,A towel,It absorbs water.
What has four fingers and a thumb but isnt alive?,A glove,Its something you wear.
What has a spine but no bones?,A book,Its used for reading.
What flies without wings?,Time,It passes quickly.
"What can be cracked, made, told, and played?",A joke,Its something that brings humor.
What belongs to you but is used by everyone else?,Your name,Its how people call you.
What gets sharper the more you use it?,Your brain,You improve it by thinking.
"What comes once in a minute, twice in a moment, but never in a thousand years?",The letter M,It appears in certain words.
What has many needles but doesnt sew?,A pine tree,Its covered in needles but doesnt make clothes.
"I am taken from a mine and shut up in a wooden case, from which I am never released, and yet I am used by almost every person. What am I?",A pencil,Its used for writing.
What goes up but never comes down?,Your age,It increases over time.
What has a ring but no finger?,A telephone,It rings when someone calls.
"What begins with P, ends with E, and has thousands of letters?",A post office,It processes mail.
"What has a bed but never sleeps, has a mouth but never talks, runs but never walks?",A river,Its always flowing.
What runs around the whole yard without moving?,A fence,It encloses space but stays stationary.
What is black and white and read all over?,A newspaper,It delivers news.
What has many faces but no body?,A clock,It shows time.
"What is cut on a table, but never eaten?",A deck of cards,Its used in games.
What begins with T and ends with T and has T in it?,A teapot,It holds tea.
What has a bottom at the top?,Your legs,They support your body.
What has words but never speaks?,A book,Its filled with text but is silent.
"Im tall when Im young, and Im short when Im old. What am I?",A candle,It burns down over time.
What goes up and down but doesnt move?,A staircase,Its stationary but people move on it.
"What has a head, a tail, but no body?",A coin,Its used for money.
What has one eye but cannot see?,A needle,Its used for sewing.
What belongs to you but other people use it more than you?,Your name,People call you by it.
What is always coming but never arrives?,Tomorrow,Its always in the future.
"The more you take, the more you leave behind. What am I?",Footsteps,You create them as you walk.
"Im not alive, but I grow; I dont have lungs, but I need air. What am I?",Fire,It consumes everything in its path.
What has keys but cant open locks?,A piano,Its used for making music.
What can travel around the world while staying in the same corner?,A stamp,Its placed on letters.
What can run but never walks?,A river,Its constantly flowing.
What can fill a room but takes up no space?,Light,It illuminates everything.
What flies without wings?,Time,It passes quickly.
What is full of holes but still holds water?,A sponge,Its used for cleaning.
"I am taken from a mine and shut up in a wooden case, from which I am never released, and yet I am used by almost everyone. What am I?",A pencil,Its used for writing.
What has a neck but no head?,A bottle,It holds liquids.
What gets wetter as it dries?,A towel,You use it after a shower.
What can fill a room but takes up no space?,Light,It illuminates everything.
What has many keys but cant open a single door?,A piano,"It makes music, not unlocks."
"The more of this there is, the less you see. What is it?",Darkness,It covers everything.
What has a thumb and four fingers but isnt alive?,A glove,You wear it in winter.
What can run but never walks?,A river,It flows continuously.
What has a neck but no head?,A bottle,You pour from it.
"What begins with T, ends with T, and has T in it?",A teapot,It holds a hot beverage.
"The more you take, the more you leave behind. What am I?",Footsteps,You leave them while walking.
I have a heart that doesnt beat. What am I?,An artichoke,Its a vegetable.
"What flies when its born, lies when its alive, and runs when its dead?",A snowflake,It melts in the sun.
What can you hold in your right hand but not in your left?,Your left hand,Its attached to your body.
What gets sharper the more you use it?,Your mind,Learning strengthens it.
"I am not alive, but I can grow. I dont have lungs, but I need air. What am I?",A fire,It needs oxygen to burn.
What is always in front of you but cant be seen?,The future,Its something you can only predict.
What has one eye but cannot see?,A needle,Its used for sewing.
What has hands but cant clap?,A clock,It tells time but doesnt make noise.
What has many teeth but cant bite?,A comb,Its used for grooming hair.
What has legs but doesnt walk?,A chair,Its a piece of furniture.
What is black and white and read all over?,A newspaper,It spreads news.
"I am tall when Im young, and Im short when Im old. What am I?",A candle,It shrinks as it burns.
What can travel around the world while staying in one spot?,A stamp,Its stuck on mail.
"What runs but never walks, has a mouth but never talks?",A river,It flows but doesnt speak.
What has a bottom at the top?,A leg,Its part of your body.
"What has four legs in the morning, two legs at noon, and three legs in the evening?",A human,Its a metaphor for life stages.
"I am taken from a mine, and shut up in a wooden case, from which I am never released. What am I?",A pencil,Its used for writing.
"What has a head, a tail, is brown, and has no legs?",A penny,Its a type of coin.
"The more you take away, the more I become. What am I?",A hole,It grows as you remove more.
What has an eye but cannot see?,A needle,Its used for stitching.
"What begins with P, ends with E, and has thousands of letters?",A post office,It processes mail.
"What can be cracked, made, told, and played?",A joke,Its something humorous.
What has a ring but no finger?,A phone,It rings but cant wear jewelry.
What has words but never speaks?,A book,It holds stories but doesnt talk.
"Im not alive, but I can die. What am I?",A battery,It runs out of power.
I have keys but cant open doors. What am I?,A piano,Its used to play music.
"The more you have, the less you see. What am I?",Fog,It blocks your vision.
What has a neck but no head?,A bottle,You pour drinks from it.
What can be seen in water but never gets wet?,A reflection,"Its an image, not a physical object."
"What is light as a feather, yet the strongest person cant hold it for more than a minute?",Breath,Its essential to life.
What goes up but never comes down?,Your age,It increases with time.
What has ears but cannot hear?,Corn,Its a vegetable.
What has a ring but no finger?,A telephone,It rings when someone calls.
What has a bed but never sleeps?,A river,It flows continuously.
What can you catch but not throw?,A cold,Its contagious but intangible.
What has wheels and flies but is not an aircraft?,A garbage truck,It moves but doesnt fly.
What is full of holes but still holds water?,A sponge,Its used for cleaning.
What has teeth but cant eat?,A zipper,Its part of your clothes.
What runs but never gets tired?,A river,It constantly flows.
What cant be used unless its broken?,An egg,You have to crack it.
"I am always hungry, I must always be fed. What am I?",Fire,It consumes everything in its path.
What can fill a room but takes up no space?,Light,It brightens the surroundings.
What is always coming but never arrives?,Tomorrow,Its always in the future.
What flies without wings?,Time,It passes quickly.
What goes up and down but doesnt move?,A staircase,People walk on it.
What can you break without touching it?,A promise,Its something intangible.
"I have seas without water, coasts without sand, towns without people, mountains without land. What am I?",A map,Its a representation of geographical features.
What has many faces but no body?,A clock,It shows different times.
What has a spine but no bones?,A book,Its for reading.
What is always moving but never gets anywhere?,Time,It keeps going forward.
What goes through cities and fields but never moves?,A road,It stays in place but connects places.
"What has roots that nobody sees, is taller than trees, up, up it goes, and yet never grows?",A mountain,Its part of nature.
"What has hands but no arms, and a face but no eyes?",A clock,It tells time.
"What flies when it is born, lies when its alive, and runs when it is dead?",A snowflake,It melts away in warmth.
What gets bigger the more you take away from it?,A hole,It expands as you remove more.
What has a neck but no head?,A bottle,You drink from it.
What is so fragile that saying its name breaks it?,Silence,Its the absence of sound.
What has four legs but doesnt move?,A table,Its furniture.
"Im light as a feather, yet the strongest man cant hold me for more than 5 minutes. What am I?",Breath,Its essential to living.
What begins with T and ends with T and has T in it?,A teapot,It holds a hot beverage.
What has many keys but cant open locks?,A piano,Its for making music.
What gets sharper the more you use it?,Your brain,It improves with thinking.
What has a heart that doesnt beat?,An artichoke,Its a vegetable with a heart.
"What comes once in a minute, twice in a moment, but never in a thousand years?",The letter M,Its part of words.
What has a ring but no finger?,A telephone,It rings but doesnt have hands.
"What can you break, even if you never pick it up or touch it?",A promise,Its something abstract.
"I have lakes with no water, mountains with no stone, and cities with no buildings. What am I?",A map,Its a representation of real places.
What has many faces but no bodies?,Dice,Theyre used in games.
What has an end but no beginning?,A rainbow,Its a beautiful phenomenon.
What has wheels but never moves?,A parking lot,It holds stationary cars.
What can you catch but not throw?,A cold,It spreads easily but isnt physical.
Whats black and white and red all over?,A newspaper,"Its read, not colored."
What has a bottom at the top?,Your legs,Theyre part of your body.
What gets wetter as it dries?,A towel,It absorbs water as you use it.
What comes down but never goes up?,Rain,It falls from the sky.
What has teeth but cannot bite?,A zipper,Its on your clothes.
What has a bed but never sleeps?,A river,It flows through its bed.
What has many needles but doesnt sew?,A cactus,Its a plant with spikes.
"What has a head, a tail, is brown, and has no legs?",A penny,Its a form of currency.
What comes down but never goes up?,Rain,It falls from the clouds.
"What belongs to you, but others use it more than you do?",Your name,People call you by it.
What can be as big as an elephant but weigh nothing?,A shadow,Its intangible.
"What comes once in a minute, twice in a moment, but never in a thousand years?",The letter M,Its in the word moment.
"I have cities, but no houses. I have mountains, but no trees. I have water, but no fish. What am I?",A map,Its a visual representation.
What has one eye but cannot see?,A needle,Its used for sewing.
"The more you take, the more you leave behind. What am I?",Footsteps,You create them as you walk.
What has a neck but no head?,A bottle,It holds liquids.
I speak without a mouth and hear without ears. What am I?,An echo,It repeats sound.
What is seen in the middle of March and April but cant be seen at the beginning or end of either month?,The letter R,Its in the middle of both.
What has keys but cant open locks?,A piano,Its for playing music.
What has a ring but no finger?,A bell,It makes a sound.
"What has four fingers and a thumb, but isnt alive?",A glove,You wear it in the cold.
What gets sharper the more you use it?,Your brain,It improves with learning.
What can you hold in your right hand but not in your left?,Your left hand,Its attached to your body.
What goes up but never comes down?,Your age,It increases over time.
What gets bigger the more you take away from it?,A hole,It expands as you remove material.
What is so delicate that saying its name breaks it?,Silence,It vanishes when you speak.
What can run but never walks?,A river,It flows continuously.
What has a heart but no other organs?,A deck of cards,Its used in games.
What begins with an E and only contains one letter?,An envelope,It holds a message.
I have keys but cant open a door. What am I?,A keyboard,Its part of your computer.
What goes through cities and fields but never moves?,A road,It stays in place.
What flies without wings?,Time,It passes quickly.
What runs but never gets tired?,A river,It flows constantly.
What can you catch but not throw?,A cold,Its contagious.
What has a face but no eyes?,A clock,It shows time.
What has a tail and a head but no body?,A coin,Its used in transactions.
"What is black when you buy it, red when you use it, and gray when you throw it away?",Charcoal,Its used for grilling.
What has teeth but cannot bite?,A comb,Its used for hair.
What has wheels but flies?,An airplane,It travels in the sky.
What gets wetter the more it dries?,A towel,It absorbs water.
What is light as a feather but the strongest person cant hold it for more than a few minutes?,Your breath,Its vital for life.
What has many needles but doesnt sew?,A cactus,Its a prickly plant.
What has a bed but doesnt sleep?,A river,It flows along its bed.
What has a spine but no bones?,A book,It holds pages together.
"What can you break, even if you never touch it?",A promise,Its an agreement.
"What has four wheels and flies, but is not an airplane?",A garbage truck,"It moves trash, not people."
What has a face and two hands but no arms or legs?,A clock,It tells time.
What is always in front of you but cant be seen?,The future,Its unknown.
What can travel around the world while staying in the same spot?,A stamp,Its attached to mail.
"What has cities but no people, forests but no trees, and rivers but no water?",A map,Its a representation of geography.
"What has roots that nobody sees, is taller than trees, up, up it goes, and yet never grows?",A mountain,Its a landform.
"What flies when its born, lies when its alive, and runs when its dead?",A snowflake,It melts as it dies.
"Im tall when Im young, and Im short when Im old. What am I?",A candle,It burns down as it ages.
What has many keys but cant open a single lock?,A piano,It makes music.
"What has one head, one foot, and four legs?",A bed,You sleep on it.
"What has many faces, all looking in different directions?",A dice,Its used in games.
"What begins with T, ends with T, and has T in it?",A teapot,Its used for brewing tea.
What has words but never speaks?,A book,It holds stories.
What has many teeth but cannot bite?,A zipper,Its part of clothing.
What has hands but cant clap?,A clock,It tells time.
What gets wetter as it dries?,A towel,You use it after a bath.
What has a neck but no head?,A bottle,It holds liquids.
What goes up but never comes down?,Your age,It increases over time.
"What comes once in a minute, twice in a moment, but never in a thousand years?",The letter M,Its in the word moment.
What has a face but no eyes?,A clock,It shows time.
What has a ring but no finger?,A telephone,It rings when called.
What has four legs but doesnt walk?,A table,Its furniture.
What gets bigger the more you take away from it?,A hole,It expands as you remove more.
What has to be broken before you can use it?,An egg,You crack it open.
What has a mouth but never speaks?,A river,It flows into the sea.
"What can be cracked, made, told, and played?",A joke,Its humorous.
What flies without wings?,Time,It passes quickly.
What has a bed but never sleeps?,A river,It flows continuously.
"What goes through cities and fields, but never moves?",A road,It stays in place.
What has a heart but no other organs?,A deck of cards,Its used for playing.
What is so fragile that saying its name breaks it?,Silence,It disappears when spoken.
What can travel around the world while staying in the same place?,A stamp,Its attached to mail.
What gets sharper the more you use it?,Your brain,It improves with learning.
What has to be broken before you can use it?,An egg,You crack it open.
What gets bigger the more you take away from it?,A hole,It expands as you remove more.
What has an eye but cannot see?,A needle,Its used for stitching.
What flies without wings?,Time,It passes quickly.
"What has four legs in the morning, two legs at noon, and three legs in the evening?",A human,It refers to stages of life.
What has ears but cannot hear?,Corn,Its a vegetable.
What has one eye but cant see?,A needle,Its used for sewing.
What has a bottom at the top?,Your legs,Theyre part of your body.
What gets bigger the more you take away from it?,A hole,It expands as you remove more.
What can you hold in your right hand but not in your left?,Your left hand,Its attached to you.
What has many keys but cant open a single lock?,A piano,It plays music.
What can you catch but not throw?,A cold,Its contagious but intangible.
What is always coming but never arrives?,Tomorrow,Its always in the future.
What has a heart but no other organs?,A deck of cards,Its used in games.
What has many faces but no eyes?,A dice,Its used in games.
"What is black when its clean, and white when its dirty?",A chalkboard,Its used for writing.
What has keys but can't listen to the beauty it unlocks?,A piano,It's musical.
What is always running but never gets tired?,A refrigerator,It keeps things cold.
What has an eye but can't blink?,A needle,It's used for sewing.
"What starts with the letter ""t"", is filled with ""t"", and ends in ""t""?",A teapot,It holds tea.
What is full of holes but still holds water?,A sponge,It's used for cleaning.
"I shave every day, but my beard stays the same. What am I?",A barber,It's a profession.
What can fill a room but takes up no space?,Light,It illuminates.
What comes down but never goes up?,Rain,It falls from the sky.
What has no life but can still die?,A battery,It powers electronics.
What has a thumb and four fingers but is not alive?,A glove,It's worn on your hand.
What has a bark but no bite?,A tree,It grows in nature.
What goes up and never comes down?,Your age,It increases every year.
What can you keep after giving to someone?,Your word,It's something you promise.
What invention lets you look right through a wall?,A window,It's made of glass.
"What is so light, even the strongest person cant hold it for more than a few minutes?",Your breath,You need it to live.
What kind of room has no doors or windows?,A mushroom,It's found in the forest.
What has to be broken before you can use it?,An egg,Its a common food.
What travels around the world but stays in the same spot?,A stamp,It's used for sending mail.
What is always in front of you but cant be seen?,The future,Its yet to come.
What gets sharper the more you use it?,Your brain,It improves with use.
